Division,GN Division
 Negombo,77A Kammalthura
 Negombo,77 Pallansena North
 Negombo,78 Kochchikade
 Negombo,76 Pallansena South
 Negombo,74 Daluwakotuwa
 Negombo,75A Palangathure
 Negombo,73 Ettukala
 Negombo,74A Daluwakotuwa East
 Negombo,75 Kattuwa
 Negombo,72A Dalupotha East
 Negombo,72 Dalupotha
 Negombo,73A Kudapaduwa
 Negombo,73B Kudapaduwa North
 Negombo,73C Kudapaduwa South
 Negombo,158 Wella Weediya
 Negombo,158B Wella Weediya East
 Negombo,159 Periyamulla
 Negombo,159A Hunupitiya
 Negombo,161A Angurukaramulla
 Negombo,160 Udayarthoppuwa
 Negombo,158A Wella Weediya South
 Negombo,156A Munnakkarai North
 Negombo,162A Doowa
 Negombo,162 Pitipana North
 Negombo,162D Pitipana Central
 Negombo,156 Munnakkaraya
 Negombo,156B Munnakkarai East
 Negombo,160A Thaladuwa
 Negombo,160B Udayarthoppuwa South
 Negombo,157 Bolawalana
 Negombo,157B Kurana West
 Negombo,157A Kurana East
 Negombo,156C Siriwardana Pedesa
 Negombo,162C South Pitipana East
 Negombo,162B Pitipana South
 Negombo,163 Thalahena
 Negombo,163B Dungalpitiya
 Negombo,163C Seththappaduwa
 Negombo,163A Kepungoda
 Katana,66 Muruthana
 Katana,67A Manaveriya
 Katana,67 Udangawa
 Katana,65A Thoppuwa
 Katana,65 Bambukuliya
 Katana,64A Katana North
 Katana,63 Katana East
 Katana,64 Katana West
 Katana,68A Maha Ethgala
 Katana,68 Ethgala
 Katana,69B Adikkandiya
 Katana,69 Welihena North
 Katana,69A Welihena South
 Katana,70A Pahala Kandawala
 Katana,68B Ethgala South
 Katana,70 Ihala Kandawala
 Katana,94 Kaluwarippuwa West
 Katana,93 Kondagammulla
 Katana,93B Katiyala
 Katana,93A Kadirana North
 Katana,70B K.C. De Silvapura
 Katana,71 Thimbirigaskatuwa
 Katana,161C Sellakanda
 Katana,161B Katuwapitiya
 Katana,161D Mahahunupitiya West
 Katana,161 Mahahunupitiya East
 Katana,93F Pahala Kadirana
 Katana,93E Kadirana
 Katana,93D Akkara 50
 Katana,93C Kadirana South
 Katana,92B Kimbulapitiya West
 Katana,92A Kimbulapitiya North
 Katana,92 Kimbulapitiya South
 Katana,92C Kimbulapitiya Central
 Katana,155 Andiambalama West
 Katana,155A Walpola
 Katana,155B Andiambalama East
 Katana,154 Dewamottawa
 Katana,151 Kovinna
 Katana,149 Evariwatta
 Katana,150 Air Force Camp
 Katana,142B Kurana Katunayaka Central
 Katana,142 Kurana Katunayaka
 Katana,142A Kurana Katunayaka South
 Katana,143 Katunayaka North
 Katana,143A Katunayaka South
 Katana,152A Walanagoda
 Katana,154A Kalahapitiya
 Katana,152 Madawala
 Katana,201 Muthuwadiya
 Katana,144A Liyanagemulla North
 Katana,144 Liyanagemulla South
 Katana,148 Amandoluwa
 Katana,200 Thampala
 Katana,202 Kuswala
 Katana,203 Ganepola
 Katana,153 Heenatiyana West
 Katana,153B Heenatiyana South
 Katana,153A Heenatiyana East
 Katana,199F Raddolugama North A
 Katana,199C Raddolugama North
 Katana,199B Raddolugama South
 Katana,199E Raddolugama South A
 Katana,199 Raddoluwa North
 Katana,199D Raddoluwa West
 Katana,147 Seeduwa
 Katana,145B Mookalangamuwa West
 Katana,145A Mookalangamuwa East
 Katana,145C Bandarawatta East
 Katana,145 Bandarawatta West
 Katana,198A Dambaduraya
 Katana,199A Raddoluwa South
 Katana,204A Lansiyawadiya
 Katana,204 Kotugoda
 Katana,204B Kasagahawatta
 Katana,197 Udammita North
 Katana,198 Alawathupitiya
 Katana,197A Udammita South
 Katana,146 Ambalammulla
 Divulapitiya,61A Andimulla
 Divulapitiya,61 Ambalayaya
 Divulapitiya,60A Bolagala
 Divulapitiya,60 Otharawadiya
 Divulapitiya,57 Godigamuwa West
 Divulapitiya,57A Godigamuwa East
 Divulapitiya,56C Balawala
 Divulapitiya,56 Badalgama
 Divulapitiya,56A Delpakadawara
 Divulapitiya,55C Sirigapathawatta
 Divulapitiya,55 Pethigoda
 Divulapitiya,55B Alugolla
 Divulapitiya,54A Polwatta
 Divulapitiya,80E Polhena
 Divulapitiya,80A Mellawagedara
 Divulapitiya,80D Diklanda
 Divulapitiya,55A Katukenda
 Divulapitiya,56B Akarangaha
 Divulapitiya,82C Kehelella West
 Divulapitiya,82B Lihiniyagammana
 Divulapitiya,58B Akaragama East
 Divulapitiya,58 Akaragama West
 Divulapitiya,58C Akaragama North
 Divulapitiya,59 Pahala Madampella
 Divulapitiya,61B Halpe
 Divulapitiya,95A East Kaluwarippuwa North
 Divulapitiya,62B Koonagodamulla North
 Divulapitiya,62 Kongodamulla West
 Divulapitiya,62C Kongodamulla South
 Divulapitiya,62A Kongodamulla East
 Divulapitiya,58E Ihala Madampella North
 Divulapitiya,58D Ihala Madampella West
 Divulapitiya,58A Ihala Madampella East
 Divulapitiya,58F Ihalagama
 Divulapitiya,82A Kehelella South
 Divulapitiya,82 Kehelella North
 Divulapitiya,81 Delwagura
 Divulapitiya,80B Wekada
 Divulapitiya,80C Kalumada
 Divulapitiya,79C Agalegedara
 Divulapitiya,79A Waradala
 Divulapitiya,54B Kotadeniyawa
 Divulapitiya,54 Erabadda
 Divulapitiya,53C Diyagampala
 Divulapitiya,53E Koradaminna
 Divulapitiya,53B Dimbuldeniya
 Divulapitiya,53F Paragoda North
 Divulapitiya,53A Paragoda South
 Divulapitiya,53D Moragalkanda
 Divulapitiya,53 Nawana West
 Divulapitiya,52B Hettimulla
 Divulapitiya,52 Halloluwa
 Divulapitiya,52A Kelegedara
 Divulapitiya,79B Heeralugedara
 Divulapitiya,79 Walpita
 Divulapitiya,80 Welagana
 Divulapitiya,84 Thammita
 Divulapitiya,83 Palliyapitiya West
 Divulapitiya,88A Induragara North
 Divulapitiya,88D Induragara South
 Divulapitiya,96A Kadawala North
 Divulapitiya,96 Kadawala
 Divulapitiya,95 East Kaluwarippuwa South
 Divulapitiya,95B Miriswatta
 Divulapitiya,91 Dagonna North
 Divulapitiya,91C Dagonna East
 Divulapitiya,90B Halgahawelawatta
 Divulapitiya,90A Katuwellegama North
 Divulapitiya,96B Kadawala South
 Divulapitiya,88B Batepola
 Divulapitiya,88C Doonagaha South
 Divulapitiya,88 Doonagaha
 Divulapitiya,83A Palliyapitiya East
 Divulapitiya,86 Hunumulla
 Divulapitiya,85B Hapugahagama
 Divulapitiya,85 Barawavila
 Divulapitiya,51 Kudagammana
 Divulapitiya,46 Pahala Madithiyawala
 Divulapitiya,44A Kaluaggala
 Divulapitiya,45 Kuleegedara
 Divulapitiya,53G Nawana East
 Divulapitiya,42A Nariyamulla
 Divulapitiya,42 Halpe
 Divulapitiya,41 Parana Halpe West
 Divulapitiya,41A Parana Halpe East
 Divulapitiya,42B Gurullagama
 Divulapitiya,43A Ihala Kithulwala
 Divulapitiya,43 Pahala Kithulwala
 Divulapitiya,43B Kithulwala North
 Divulapitiya,44B Kaluaggala Pahalagama
 Divulapitiya,44 Wattemulla
 Divulapitiya,46A Ihala Madithiyawala
 Divulapitiya,47 Hangawatta
 Divulapitiya,48 Rassapana
 Divulapitiya,50 Balagalla West
 Divulapitiya,50B Parana Handiya
 Divulapitiya,85A Pinnakele
 Divulapitiya,85C Pinnakele South
 Divulapitiya,86B Urapana
 Divulapitiya,86A Kelepitimulla
 Divulapitiya,86C Sayakkaramulla
 Divulapitiya,87C Henpitagedara
 Divulapitiya,89 Aluthepola West
 Divulapitiya,89A Thotillagahawatta
 Divulapitiya,90 Katuwellegama South
 Divulapitiya,91B Palugahawela
 Divulapitiya,91A Dagonna South
 Divulapitiya,87B Hapuwalana South
 Divulapitiya,87 Hapuwalana
 Divulapitiya,97A Bomugammana North
 Divulapitiya,97B Bomugammana South
 Divulapitiya,97D Pinnalanda
 Divulapitiya,97 Divulapitiya
 Divulapitiya,50A Balagalla East
 Divulapitiya,49 Ullapola East
 Divulapitiya,49A Ullapola West
 Divulapitiya,97C Wewagedara
 Divulapitiya,97E Horagasmulla
 Divulapitiya,104 Aswennawatta East
 Divulapitiya,87A Hapuwalana North
 Divulapitiya,104A Aswennawatta West
 Divulapitiya,104B Weragodamulla
 Divulapitiya,89B Aluthepola East
 Mirigama,3A Nalla
 Mirigama,1A Giriullagama
 Mirigama,1 Loluwagoda
 Mirigama,3B Delwala South
 Mirigama,3 Delwala
 Mirigama,1B Loluwagoda South
 Mirigama,11 Madurupitiya
 Mirigama,11A Hapugahagedara
 Mirigama,2 Kadangamuwa
 Mirigama,5 Henegama
 Mirigama,4A Maladeniya
 Mirigama,4 Kahadawa
 Mirigama,6 Kandalama
 Mirigama,10 Walbotale
 Mirigama,12A Perisyala
 Mirigama,12B Kamarangawa
 Mirigama,12 Keenadeniya
 Mirigama,14E Bothale Pahalagama North
 Mirigama,9A Maweehena
 Mirigama,9B Kurunduwatta
 Mirigama,9 Purana Meerigama
 Mirigama,7 Hakurukumbura
 Mirigama,8 Mugurugampala
 Mirigama,15 Vilwatta
 Mirigama,15E Thawalampitiya
 Mirigama,14 Bothale Pahalagama
 Mirigama,14D Bothale Pahalagama West
 Mirigama,14C Bothale Medagama
 Mirigama,14F Bothale Pahalagama East
 Mirigama,13B Thalagama East
 Mirigama,13A Thalagama
 Mirigama,13C Balathawa
 Mirigama,13 Makura
 Mirigama,14B Pottekanda
 Mirigama,14A Bothale Iahalagama
 Mirigama,14G Adagalakanda
 Mirigama,16F Ihala Halugama
 Mirigama,16B Kidiwala
 Mirigama,16E Pahala Halugama
 Mirigama,15B Meerigama
 Mirigama,15D Walawwatta
 Mirigama,40C Thilinagama
 Mirigama,40B Vijayarajadahana
 Mirigama,15C Ihala Neligama
 Mirigama,15F Neligama Central
 Mirigama,15A Neligama
 Mirigama,16 Lindara
 Mirigama,16A Halugama
 Mirigama,21C Siyambalagoda
 Mirigama,16D Pahala Lindara
 Mirigama,17 Pohonnaruwa
 Mirigama,40A Indiparape
 Mirigama,39 Kosetadeniya
 Mirigama,38 Imbulanwala
 Mirigama,37 Uduulla
 Mirigama,36 Gaspe
 Mirigama,35 Banduragoda
 Mirigama,34A Keppitiwalana
 Mirigama,36A Gaspe Pahalagama
 Mirigama,32A Galgana
 Mirigama,31B Pelapitigama
 Mirigama,31C Elhena
 Mirigama,40 Ganegoda
 Mirigama,40D Hiriwala
 Mirigama,18A Handurumulla
 Mirigama,19A Pamunuwatta
 Mirigama,16C Ihala Lindara
 Mirigama,21A Arukgoda
 Mirigama,21 Madabavita
 Mirigama,21B Madabavita Ihalagama
 Mirigama,22A Nawgala
 Mirigama,22 Danovita
 Mirigama,20A Weweldeniya Pahalagama
 Mirigama,20B Weweldeniya Pahalagama West
 Mirigama,19 Henepola
 Mirigama,18 Palmada
 Mirigama,"26 Kal /Pallewela, Kotakanda"
 Mirigama,28B Raddelgoda
 Mirigama,31A Ihala Bokalagama
 Mirigama,31 Pahala Bokalagama
 Mirigama,32 Kukulnape
 Mirigama,36B Gaspe South
 Mirigama,34 Muddaragama
 Mirigama,33 Hanchapola
 Mirigama,"33A Hirikuluwa,Ganemulla,Dathgama"
 Mirigama,34B Pathagama
 Mirigama,336B Borukgamuwa West
 Mirigama,336 Borukgamuwa
 Mirigama,29A Pallewela
 Mirigama,30A Weragoda / Kakkele
 Mirigama,28F Hansagiriya
 Mirigama,28D Welavilamulla North
 Mirigama,28A Welavilamulla
 Mirigama,27 Udawela
 Mirigama,25 Hapitigama
 Mirigama,25C Makkanigoda North
 Mirigama,19B Pahalawela
 Mirigama,20D Millawala
 Mirigama,20C Weweldeniya Ihalagama West
 Mirigama,20 Weweldeniya Ihalagama
 Mirigama,23 Kotadeniya
 Mirigama,23A Ilukpatha / Weragoda
 Mirigama,358A Hedidenikanda-Radawadunna
 Mirigama,360 Radawadunna
 Mirigama,25A Bataleeya
 Mirigama,25B Bataleeya South
 Mirigama,28C Bolana
 Mirigama,28 Mallehewa
 Mirigama,28E Wabadamulla
 Mirigama,30 Weragoda
 Mirigama,29 Midellawala
 Mirigama,336A Kendalanda
 Mirigama,336C Nungamuwa
 Mirigama,335 Uthuwambogahawatta
 Mirigama,337B Pahala Maligathenna
 Mirigama,337C Maligathenna Central
 Mirigama,337 Wandurawa
 Mirigama,338A Galgamuwa West
 Mirigama,338 Galgamuwa East
 Mirigama,340 Kumbaloluwa
 Mirigama,340B Ihala Kumbaloluwa
 Mirigama,340A Pahala Kumbaloluwa
 Mirigama,341A Dumunnegedara South
 Mirigama,341 Dumunnegedara - Kalatuwawa
 Mirigama,342 Pasyala
 Mirigama,342B Pasyala West
 Mirigama,24 Muruthawala
 Mirigama,356A Kithanawatta
 Mirigama,360B Kammalpitiya
 Mirigama,360C Radawadunna Central
 Mirigama,360D Imbulgasovita
 Mirigama,360A Pahala Radawadunna
 Mirigama,358 Weerasooriyakanda
 Mirigama,342A Pasyala East
 Mirigama,334A Udugama
 Mirigama,344 Panawala
 Mirigama,340C Delgahamedilla
 Mirigama,339A Mottunna West
 Mirigama,339 Mottunna
 Mirigama,337A Maligathenna
 Mirigama,334 Kureekotuwa
 Mirigama,344A Hakwaduna
 Mirigama,334B Pahala Kureekotuwa
 Mirigama,356 Ellalamulla
 Mirigama,357A Debahera
 Mirigama,357C Mawathahena
 Mirigama,357 Meevitiya
 Mirigama,357B Ketakalapitiya
 Mirigama,359 Dambutuwa
 Minuwangoda,112/3 Medemulla  North
 Minuwangoda,112/4 Nilpanagoda West
 Minuwangoda,112/2 Nilpanagoda East
 Minuwangoda,112/1 Nilpanagoda
 Minuwangoda,105/3 Arangawa
 Minuwangoda,105/1 Horampella North
 Minuwangoda,105/4 Galkanda
 Minuwangoda,105/5 Bodhipihituwala
 Minuwangoda,103 Watinapaha
 Minuwangoda,98/3 Mabodala West
 Minuwangoda,98/1 Mabodala North
 Minuwangoda,98/4 Ihala Vithanamulla
 Minuwangoda,99/3 Nalapaha
 Minuwangoda,98/5 Pahala Vithanamulla
 Minuwangoda,98 Mabodala East
 Minuwangoda,98/2 Mabodala South
 Minuwangoda,103/1 Watinapaha South
 Minuwangoda,103/2 Wankepumulla
 Minuwangoda,103/3 Kamaragoda
 Minuwangoda,105/6 Kudagoda
 Minuwangoda,105 Horampella South
 Minuwangoda,105/2 Mahagama
 Minuwangoda,113 Wegowwa South
 Minuwangoda,125/3 Minuwangoda East
 Minuwangoda,125/2 Minuwangoda North
 Minuwangoda,112 Medemulla South
 Minuwangoda,124 Boragodawatta North
 Minuwangoda,123 Yatiyana
 Minuwangoda,123/1 Peellawatta
 Minuwangoda,122 Unnaruwa
 Minuwangoda,123/4 Yatiyana Central
 Minuwangoda,123/3 Yatiyana East
 Minuwangoda,123/2 Kopiwatta
 Minuwangoda,124/1 Boragodawatta South
 Minuwangoda,125/1 Minuwangoda West
 Minuwangoda,125 Meda Minuwangoda
 Minuwangoda,126/1 Pansilgoda
 Minuwangoda,113/1 Wegowwa East
 Minuwangoda,115 Helakandana
 Minuwangoda,107/1 Peralanda
 Minuwangoda,106 Dewalapola
 Minuwangoda,101 Wadumulla
 Minuwangoda,102/1 Metikotumulla
 Minuwangoda,102 Essella
 Minuwangoda,99/4 Yatagama
 Minuwangoda,99 Naiwala North
 Minuwangoda,99/2 Naiwala East
 Minuwangoda,99/1 Naiwala West
 Minuwangoda,100 Walpitamulla
 Minuwangoda,127 Balabowa
 Minuwangoda,127/1 Balabowa West
 Minuwangoda,108 Pethiyagoda North
 Minuwangoda,109 Gallegedara
 Minuwangoda,107 Ganihimulla
 Minuwangoda,141 Hendimahara
 Minuwangoda,114 Kalawana
 Minuwangoda,126 Wattegedara
 Minuwangoda,126/3 Ambagahawatta
 Minuwangoda,121/1 Galloluwa East
 Minuwangoda,121 Galloluwa
 Minuwangoda,122/1 Kalahugoda
 Minuwangoda,120/1 Polwatta West
 Minuwangoda,120 Polwatta East
 Minuwangoda,118/2 Pattanduwana North
 Minuwangoda,117/2 Ellangala
 Minuwangoda,126/2 Burullapitiya
 Minuwangoda,116 Mathammana
 Minuwangoda,130 Weediyawatta East
 Minuwangoda,131/5 Goigama
 Minuwangoda,131/4 Ihala Udugampola
 Minuwangoda,108/1 Pethiyagoda South
 Minuwangoda,111 Korase
 Minuwangoda,111/1 Korase Meda
 Minuwangoda,129 Marapola
 Minuwangoda,128 Vigoda
 Minuwangoda,110/1 Doranagoda East
 Minuwangoda,111/2 Korase East
 Minuwangoda,110 Doranagoda North
 Minuwangoda,110/2 Doranagoda West
 Minuwangoda,131/1 Pahala Udugampola East
 Minuwangoda,131 Pahala Udugampola North
 Minuwangoda,131/3 Pahala Udugampola West
 Minuwangoda,130/1 Weediyawatta West
 Minuwangoda,117 Welhena
 Minuwangoda,117/1 Weliya
 Minuwangoda,118 Paththaduwana
 Minuwangoda,118/1 Paththaduwana West
 Minuwangoda,119/3 Yagodamulla North
 Minuwangoda,119/2 Yagodamulla
 Minuwangoda,140/3 Uggalboda West
 Minuwangoda,140/2 Uggalboda
 Minuwangoda,140/1 Kehelbaddara West
 Minuwangoda,140 Kehelbaddara East
 Minuwangoda,131/2 Pahala Udugampola South
 Minuwangoda,135 Asgiriwalpola North
 Minuwangoda,132 Dombawela
 Minuwangoda,133/1 Pedipola
 Minuwangoda,110/3 Doranagoda South
 Minuwangoda,133 Wathumulla
 Minuwangoda,134/1 Asgiriya North
 Minuwangoda,134/2 Asgiriya South
 Minuwangoda,134 Asgiriya
 Minuwangoda,134/3 Asgiriya West
 Minuwangoda,135/1 Asgiriwalpola South
 Minuwangoda,135/2 Asgiriwalpola West
 Minuwangoda,137 Madelgamuwa East
 Minuwangoda,137/2 Batapotha
 Minuwangoda,139/1 Nedagamuwa North
 Minuwangoda,139 Nedagamuwa South
 Minuwangoda,139/2 Nedagamuwa West
 Minuwangoda,139/3 Arachchiwatta
 Minuwangoda,119/4 Yagodamulla South
 Minuwangoda,119/6 Samurdhigama
 Minuwangoda,119/5 Opatha
 Minuwangoda,119/1 Kotugoda2
 Minuwangoda,119 Kotugoda1
 Minuwangoda,138/1 Maduruwita
 Minuwangoda,138 Siyambalapitiya
 Minuwangoda,137/1 Madelgamuwa West
 Minuwangoda,136/1 Thammita West
 Minuwangoda,136 Thammita
 Wattala,164 Pamunugama
 Wattala,164A Maha Pamunugama
 Wattala,193 West of Delathura
 Wattala,193A East of Delathura
 Wattala,165A Bopitiyathuduwa
 Wattala,165 Bopitiya
 Wattala,165B Pulluhena
 Wattala,167A Paranambalama
 Wattala,166 Nugape
 Wattala,166A Kunjawaththa
 Wattala,182A Magulpokuna
 Wattala,182B Elehiwaththa
 Wattala,182 Welisara
 Wattala,167B Pattiyawala
 Wattala,167 Uswetakeiyawa
 Wattala,178 Mahabage
 Wattala,179 Elapitiwala
 Wattala,180A Horapethuduwa
 Wattala,180 Horape
 Wattala,250 North of Kurukualawa
 Wattala,250A South of Kurukulawa
 Wattala,254 Heenkenda
 Wattala,254A Thuduwegedara
 Wattala,177B Galudupita
 Wattala,177 Maththumagala
 Wattala,177A Kernga Pokuna
 Wattala,171 Kerawalapitiya
 Wattala,171A Matagoda
 Wattala,171B Balagala
 Wattala,168B Dikovita
 Wattala,168A Palliyawatta North
 Wattala,170A Elakanda
 Wattala,172B North of Nayaka Kanda
 Wattala,176A Mabola
 Wattala,176C Welikadamulla
 Wattala,176 Wattala
 Wattala,172A Hendala North
 Wattala,172 Hendala South
 Wattala,172C Nayak Kanda South
 Wattala,170 Thimbirigasyaya
 Wattala,168 Palliyawatta South
 Wattala,169A Kurunduhena
 Wattala,175A Evariwatta
 Wattala,175 Thelagapatha
 Wattala,176B Galwetiya
 Wattala,169 Hekiththa
 Ja-Ela,205B Mahawatta
 Ja-Ela,194 Dandugama
 Ja-Ela,194B Dehiyagatha North
 Ja-Ela,196 Kudahakapola North
 Ja-Ela,205A Gallawatta
 Ja-Ela,206 Ekala
 Ja-Ela,194A Dehiyagatha South
 Ja-Ela,195 Kudahakapola South
 Ja-Ela,205 Ekala Kurunduwatta
 Ja-Ela,206B Vishaka Watta
 Ja-Ela,192B Thudella North
 Ja-Ela,192 Thudella West
 Ja-Ela,192A Thudella South
 Ja-Ela,191 Kanuwana
 Ja-Ela,206A Alexendrawatta
 Ja-Ela,211B Bandigoda
 Ja-Ela,207A Yakkaduwa
 Ja-Ela,207 Niwandama North
 Ja-Ela,207B Niwandama South
 Ja-Ela,211 Batagama North
 Ja-Ela,190B Maeliya
 Ja-Ela,191A Ja-Ela
 Ja-Ela,190A Weligampitiya North
 Ja-Ela,190E Indipitiya
 Ja-Ela,189 Wewala
 Ja-Ela,190 Weligampitiya South
 Ja-Ela,190D Thumpeliya
 Ja-Ela,211A Indiminna
 Ja-Ela,185D Dolahena
 Ja-Ela,185A Hapugoda West
 Ja-Ela,190C Kapuwatta
 Ja-Ela,188 Kalaeliya
 Ja-Ela,187 Nedurupitiya
 Ja-Ela,186 Rilavulla
 Ja-Ela,184C Kandana East
 Ja-Ela,184 Kandana West
 Ja-Ela,184B Uswatta
 Ja-Ela,185C Hapugoda Central
 Ja-Ela,185 Batagama South
 Ja-Ela,212A Polpitimookalana
 Ja-Ela,213 Batuwatta West
 Ja-Ela,213A Batuwatta East
 Ja-Ela,212B Walpola East
 Ja-Ela,181A Jayasrigama
 Ja-Ela,185B Hapugoda East
 Ja-Ela,183 Nagoda
 Ja-Ela,184A Jayasamarugama
 Ja-Ela,181D Peralanda
 Ja-Ela,181E Podiveekumbura
 Ja-Ela,212 Walpola West
 Ja-Ela,214 Narangodapaluwa West
 Ja-Ela,214A Narangodapaluwa East
 Ja-Ela,181B Thewatta
 Ja-Ela,181 Ragama
 Ja-Ela,181F Ketagewatta
 Ja-Ela,181G Dambuwa
 Ja-Ela,181C Rampitiya
 Gampaha,218 Makevita North
 Gampaha,218A Makevita South
 Gampaha,217 Mabima
 Gampaha,219A Gonagaha2
 Gampaha,217A Welikada
 Gampaha,219 Gonagaha1
 Gampaha,220A Ambanvita
 Gampaha,220 Kirindivita
 Gampaha,222B Akaravita
 Gampaha,222 Pahalagama
 Gampaha,223A Medagama 2
 Gampaha,224 Ihalagama West
 Gampaha,224A Ihalagama East
 Gampaha,225A Gampaha Aluthgama North
 Gampaha,226A Karanayakamulla
 Gampaha,226 Baduwathugoda
 Gampaha,228 Boraliyawatha
 Gampaha,228A Thittalapitigoda
 Gampaha,229 Aluthgama Bogamuwa North
 Gampaha,229A Aluthgama Bogamuwa South
 Gampaha,230 Mahipalagoda
 Gampaha,230A Morenna
 Gampaha,230B Weediyawatta
 Gampaha,227 Keselwathugoda North
 Gampaha,225C Indigolla
 Gampaha,225 Gampaha Aluthgama West
 Gampaha,234 Bendiyamulla North
 Gampaha,223C Medagama 4
 Gampaha,223B Medagama 3
 Gampaha,223 Medagama 1
 Gampaha,235A Oruthota South
 Gampaha,222A Kosovita
 Gampaha,221A Rathmalavita
 Gampaha,221 Makilangamuwa
 Gampaha,216 Horagolla North
 Gampaha,216B Thibbotugoda
 Gampaha,208 Midellavita
 Gampaha,209A Kudabollatha
 Gampaha,209 Bollatha North
 Gampaha,209D Wewel Agara
 Gampaha,209C Bollatha West
 Gampaha,209B Bollatha South
 Gampaha,210A Bulugahagoda West
 Gampaha,210 Bulugahagoda East
 Gampaha,215 Galahitiyawa North
 Gampaha,216A Horagolla South
 Gampaha,236C Neduna
 Gampaha,236 Pahalayagoda
 Gampaha,235 Oruthota North
 Gampaha,233 Moragoda1
 Gampaha,234B Bendiyamulla West
 Gampaha,234C Kidagammulla
 Gampaha,234A Bendiyamulla East
 Gampaha,225B Gampaha Aluthgama East
 Gampaha,227A Keselwathugoda South
 Gampaha,231 Yakkala North
 Gampaha,230C Galthotamulla
 Gampaha,231A Yakkala West
 Gampaha,231B Pepolgahadeniya
 Gampaha,231D Yakkala East
 Gampaha,231C Yakkala South
 Gampaha,232 Henarathgoda
 Gampaha,232D Mudungoda West
 Gampaha,233A Moragoda 2
 Gampaha,235B Ihala Yagoda North
 Gampaha,236A Mahena
 Gampaha,236D Ganemulla South
 Gampaha,236B Ganemulla North
 Gampaha,215B Galahitiyawa East
 Gampaha,215A Galahitiyawa South
 Gampaha,237 Kossinna East
 Gampaha,238 Amunugoda North
 Gampaha,235C Ihala Yagoda South
 Gampaha,232C Mudungoda South
 Gampaha,232B Mudungoda North
 Gampaha,232A Godagedara
 Gampaha,239A Rathupaswala
 Gampaha,239B Galloluwa
 Gampaha,239 Belummahara
 Gampaha,240 Ihala Imbulgoda North
 Gampaha,240A Ihala Imbulgoda South
 Gampaha,243B Pahala Imbulgoda South
 Gampaha,243A Pahala Imbulgoda West
 Gampaha,238A Amunugoda South
 Gampaha,244A Parakandeniya North1
 Gampaha,237A Kossinna West1
 Gampaha,244C Katuwalamulla North
 Gampaha,237B Kossinna West2
 Gampaha,244D Katuwalamulla South
 Gampaha,244B Parakandeniya North2
 Gampaha,244 Parakandeniya South
 Gampaha,243 Pahala Imbulgoda East
 Gampaha,242A Embaraluwa North 2
 Gampaha,242 Embaraluwa North 1
 Gampaha,240B Weliweriya West
 Gampaha,241 Nedungamuwa
 Gampaha,241A Weliweriya East
 Gampaha,241B Weliweriya North
 Gampaha,241C Weliweriya South
 Gampaha,242B Embaraluwa South1
 Gampaha,242C Embaraluwa South 2
 Attanagalla,333/A Eluwapitiya West
 Attanagalla,333 Eluwapitiya
 Attanagalla,329D Hiripitiya West
 Attanagalla,329 Hiripitiya North
 Attanagalla,329C Hiripitiya Central
 Attanagalla,329B Hiripitiya East
 Attanagalla,328/E Thalgasmote West
 Attanagalla,328A Thalgasmote
 Attanagalla,328/D Thalgasmote East
 Attanagalla,347 Udammita
 Attanagalla,347C Humbutiyawa West
 Attanagalla,347A Humbutiyawa
 Attanagalla,346 Parana Veyangoda
 Attanagalla,346A Kongasdeniya
 Attanagalla,343/A Wedagama
 Attanagalla,343 Kalalpitiya
 Attanagalla,343B Nawagamuwa
 Attanagalla,345 Napagoda
 Attanagalla,348A Nittambuwa South
 Attanagalla,348 Nittambuwa North
 Attanagalla,348/F Nittambuwa East
 Attanagalla,347B Kolawatta
 Attanagalla,328/B Pattalagedara East
 Attanagalla,328 Pattalagedara
 Attanagalla,329A Hiripitiya South
 Attanagalla,332 Wataddara
 Attanagalla,332/B Wataddara West
 Attanagalla,331 Magalegoda
 Attanagalla,331A Magalegoda South
 Attanagalla,330A Heendeniya
 Attanagalla,330 Pattigoda
 Attanagalla,332/A Wataddara South
 Attanagalla,329/E Pahala Hiripitiya
 Attanagalla,328C Danvilana
 Attanagalla,327A Dadagamuwa East
 Attanagalla,348/I Pinnagolla
 Attanagalla,348/C Egoda Nittambuwa
 Attanagalla,348H Horagollagama
 Attanagalla,348/B Nambadaluwa West
 Attanagalla,348/G Nambabaluwa East
 Attanagalla,349A Ranpokunagama A Zone
 Attanagalla,355/A Ellakkala West
 Attanagalla,350B Maimbula
 Attanagalla,349F Ranpokunagama E Zone
 Attanagalla,349E Ranpokunagama D Zone
 Attanagalla,349D Ranpokunagama C Zone
 Attanagalla,349C Ranpokunagama B Zone
 Attanagalla,349 Maduwegedara
 Attanagalla,349/B Yatiyana
 Attanagalla,348/D Orchardwatta
 Attanagalla,348/E Malwatta
 Attanagalla,318/C Thihariya North
 Attanagalla,321B Katuwasgoda west
 Attanagalla,321A Katuwasgoda
 Attanagalla,327 Dadagamuwa
 Attanagalla,324A Mudagamuwa
 Attanagalla,325A Bandarabatawala
 Attanagalla,325 Pitiyegedara
 Attanagalla,325B Daraluwa
 Attanagalla,324 Bemmulla
 Attanagalla,326 Kandaoluwawa
 Attanagalla,323 Raniswala
 Attanagalla,323A Sapugasthenna
 Attanagalla,322/B Thiriwanegama South
 Attanagalla,322A Thiriwanegama North
 Attanagalla,322 Halgampitiya
 Attanagalla,321 Kalagedihena
 Attanagalla,318/D Thihariyagama
 Attanagalla,318 Thihariya East
 Attanagalla,319 Kalotuwawa
 Attanagalla,317 Kattota
 Attanagalla,348/J Orchardwatta South
 Attanagalla,316 Bogoda
 Attanagalla,352D Mathalana West
 Attanagalla,350/A Wathupitiwala
 Attanagalla,350 Walpola
 Attanagalla,354 Haggalla
 Attanagalla,355 Ellakkala
 Attanagalla,361/A Godagama  West
 Attanagalla,361 Godagama
 Attanagalla,363 Welikadamulla
 Attanagalla,365 Karasnagala
 Attanagalla,364 Alawala
 Attanagalla,364/B Ethaudakanda
 Attanagalla,364/A Alawala South
 Attanagalla,365/A Nikahetikanda
 Attanagalla,365C Karasnagala South
 Attanagalla,363A Palkumbura
 Attanagalla,362 Pelpita
 Attanagalla,353/B Walaliyadda
 Attanagalla,354/A Haggalla East
 Attanagalla,353A Diyakade
 Attanagalla,353 Welagedara
 Attanagalla,352A Kamburagalla
 Attanagalla,352F Mathalana North
 Attanagalla,352 Mathalana
 Attanagalla,315 Meewala
 Attanagalla,316A Kitttammahara
 Attanagalla,318/E Thihariya South
 Attanagalla,318B Pahala Thihariya
 Attanagalla,318/A Thihariya West
 Attanagalla,320A Bogamuwa
 Attanagalla,320 Mangalathiriya
 Attanagalla,319A Pilankada
 Attanagalla,313 Bonegala
 Attanagalla,315A Meewala West
 Attanagalla,351/A Udugoda West
 Attanagalla,352/B Mathalana East
 Attanagalla,351 Udugoda
 Attanagalla,352E Pannila
 Attanagalla,352C Hunupola
 Attanagalla,362A Halpandeniya
 Attanagalla,366 Urapola
 Attanagalla,366/C Wanduramulla
 Attanagalla,366D Deenapamunuwa West
 Attanagalla,366B Deenapamunuwa
 Attanagalla,366/A Yatawaka
 Attanagalla,365B Sapugasthenna
 Attanagalla,376 Bopagama
 Attanagalla,376A Bopagama East
 Attanagalla,375A Meevitagammana
 Attanagalla,367B Bopetta South
 Attanagalla,367 Bopetta
 Attanagalla,367A Nagoda
 Attanagalla,368A Kurawalana
 Attanagalla,369 Kahatovita
 Attanagalla,369/A Kahatovita West
 Attanagalla,314/A Ogodapola North
 Attanagalla,314 Ogodapola
 Attanagalla,312/A Kahambiliyahena
 Attanagalla,312 Udathuththiripitiya
 Attanagalla,311 Mattagoda
 Attanagalla,310 Weerangula
 Attanagalla,310/A Weerangula South
 Attanagalla,308/A Koskandawala North
 Attanagalla,309 Kirikittamulla
 Attanagalla,309A Kirikittamulla South
 Attanagalla,308 Koskandawala
 Attanagalla,371 Opathella
 Attanagalla,370 Paranagama
 Attanagalla,370C Paranagama East
 Attanagalla,368 Aruppassa
 Attanagalla,375B Madaotuwa West
 Attanagalla,375 Madakotuwa
 Attanagalla,374 Rathambale
 Attanagalla,373 Walgammulla
 Attanagalla,370B Ruwanpura
 Attanagalla,372A Lavulupitiya
 Attanagalla,370A Galboda
 Attanagalla,370D Dematalanda
 Attanagalla,372 Happitiya
 Dompe,389B Maryland Colony
 Dompe,389 Indurugalla
 Dompe,293 Wathurugama
 Dompe,388C Bandaranayakapura West
 Dompe,388A Bandaranayakapura East
 Dompe,388 Mailawalana
 Dompe,388B Mailawalana South
 Dompe,387A Thimbirigama
 Dompe,387 Mahal Loluwa
 Dompe,386B Ihala Millathe
 Dompe,377 Pingamuwa
 Dompe,386A Pahala Millathe
 Dompe,386 Millathe
 Dompe,385 Kirindiwela
 Dompe,385A Bogahawatta
 Dompe,390B Rambutanwatta
 Dompe,389C Etambagahawatta
 Dompe,389A Kannimahara
 Dompe,390 Radawana North
 Dompe,390E Palupelpita
 Dompe,390C Kithulakanda
 Dompe,390A Radawana South
 Dompe,390D Alliyawatta
 Dompe,391A Diyawala North
 Dompe,391 Diyawala
 Dompe,383 Meddegama
 Dompe,384 Udagama
 Dompe,384A Vihara Kumbura
 Dompe,377B Kuttivila
 Dompe,377C Thalgaswatta
 Dompe,377A Kendagolla
 Dompe,378B Udawela
 Dompe,378A Kirimatiyawatta
 Dompe,378 Hiswella
 Dompe,382A Kiriwana
 Dompe,383A Meddegama North
 Dompe,383B Meddegama South
 Dompe,382 Werahera
 Dompe,381B Pallegama South
 Dompe,381 Pallegama
 Dompe,392 Anuragoda
 Dompe,392A Weralugampala
 Dompe,392D Nedungolla South
 Dompe,392B Nedungolla
 Dompe,394A Nandarama Pedesa
 Dompe,394 Mandawala North
 Dompe,394B Mawatha
 Dompe,397B Parakadamulla
 Dompe,397A Nakandapola
 Dompe,397 Keragala
 Dompe,397C Weliketiyawatta
 Dompe,395B Kurunduhena
 Dompe,395C Baduwatta
 Dompe,395 Mandawala South
 Dompe,392C Anuragoda South
 Dompe,381A Walpola
 Dompe,380B Pepiliyawala
 Dompe,380A Ganihagama North
 Dompe,379B Watawala
 Dompe,379 Meethirigala
 Dompe,379C Polhena
 Dompe,380D Ganihagama South
 Dompe,380C Dangalla North
 Dompe,422A Meniklanda
 Dompe,393 Pelpita
 Dompe,395A Punchi Mandawala
 Dompe,410C Waharaka
 Dompe,396 Putupagala
 Dompe,398A Walaramba
 Dompe,398 Demalagama
 Dompe,399 Helummahara
 Dompe,399A Pananwala
 Dompe,400B Egoda Pelahela
 Dompe,400 Pelahela
 Dompe,400A Madurawa
 Dompe,400C Kajugaswatta
 Dompe,410 Ihala Lunugama
 Dompe,410B Meegahawatta
 Dompe,393A Yakambe
 Dompe,421 Pattiyagama
 Dompe,380 Dangalla
 Dompe,379A Ranwala
 Dompe,379D Wedagama
 Dompe,423 Udugama
 Dompe,424B Udakananpella South
 Dompe,424A Udakanampella
 Dompe,424 Senasungoda
 Dompe,422 Poogoda
 Dompe,420A Bangalawatta
 Dompe,419 Kumarimulla
 Dompe,420 Ovitigama
 Dompe,420B Parathapakanda
 Dompe,406A Dethemulla
 Dompe,410A Pahala Lunugama
 Dompe,408 Wanaluwawa North
 Dompe,404B Thelkekuna
 Dompe,404 Indolamulla
 Dompe,401A Parangoda
 Dompe,401C Namaluwa
 Dompe,401 Dekatana
 Dompe,401B Narampola
 Dompe,402A Kalukondayawa West
 Dompe,402 Kalukondayawa East
 Dompe,401D Galwalagoda
 Dompe,404A Ganegoda
 Dompe,405 Dompe
 Dompe,405A Iddamaldeniya
 Dompe,409 Guruwala
 Dompe,409A Egoda Guruwala
 Dompe,408A Wanaluwawa South
 Dompe,407C Giridara West
 Dompe,406 Galpothugoda
 Dompe,418 Nikawala
 Dompe,418A Kapugoda
 Dompe,407 Giridara
 Dompe,407B Malinda East
 Dompe,407A Malinda
 Dompe,411 Palugama
 Dompe,405B Degawatta
 Dompe,403 Pahala Dompe
 Dompe,413 Malwana
 Dompe,412 Pahala Mapitigama
 Dompe,412B Morahena
 Dompe,412A Kimbulvilawatta
 Dompe,414 Udamapitigama
 Dompe,414A Udamapitigama South
 Dompe,411A Palugama West
 Dompe,415 Welgama
 Dompe,415A Lansiyahena
 Dompe,416A Samanabedda North
 Dompe,417A Mahawalawatta
 Dompe,417 Thittapattara
 Dompe,416 Samanabedda
 Mahara,304A Kimbulgoda
 Mahara,306A Pituwalgoda
 Mahara,304 Kinigama
 Mahara,303A Maharagama
 Mahara,303 Siwralumulla
 Mahara,305 Pilikuththuwa
 Mahara,306 Yongammulla
 Mahara,307A Ambgaspitiya
 Mahara,294 Warapalana
 Mahara,307 Kandumulla
 Mahara,298 Pasgammana
 Mahara,297A Maligathenna
 Mahara,295A Batepola North
 Mahara,295 Batepola
 Mahara,296 Amunukumbura
 Mahara,297 Malwathuhiripitiya
 Mahara,299 Buthpitiya North
 Mahara,302A Uruwala East
 Mahara,302 Uruwala West
 Mahara,300 Buthpitiya South
 Mahara,298A Neelamahara North
 Mahara,298B Neelamahara South
 Mahara,301B Aramangoda North
 Mahara,292A Puwakpitiya
 Mahara,296B Amunukumbura South
 Mahara,296A Balivila
 Mahara,292 Vilimbula North
 Mahara,292B Vilimbula South
 Mahara,301 Aramangoda
 Mahara,301A Kahatana
 Mahara,291 Henegama
 Mahara,290 Etikehelgalla East
 Mahara,290A Etikehelgalla West
 Mahara,289B Kirikitta North
 Mahara,289 Kirikitta East
 Mahara,289A Kirikitta West
 Mahara,284A Ahugammana
 Mahara,284B Naranwala South
 Mahara,284 Naranwala
 Mahara,285B Udupila East
 Mahara,285A Udupila South
 Mahara,285 Udupila North
 Mahara,288A Webada South
 Mahara,288 Webada North
 Mahara,288B Webada West
 Mahara,287D Kirillawala North
 Mahara,287 Kirillawala
 Mahara,287C Kirillawala West
 Mahara,245 Sooriyapaluwa North
 Mahara,246 Kendaliyeddapaluwa East
 Mahara,246C Kendaliyeddapaluwa North
 Mahara,246B Dangahawela
 Mahara,246A Kendaliyeddapaluwa West
 Mahara,247B Mahara Nugegoda North
 Mahara,247A Mahara Nugedoga West
 Mahara,247 Mahara Nugegoda East
 Mahara,245B Sooriyapaluwa East
 Mahara,245A Sooriyapaluwa South
 Mahara,287A Ranmuthugala
 Mahara,287B Kirillawala South
 Mahara,288C Webada East
 Mahara,286 Gonahena East
 Mahara,286C Gonahena North
 Mahara,286D Gonahena South
 Mahara,286A Gonahena West
 Mahara,286E Eldeniya East
 Mahara,286B Eldeniya West
 Mahara,248C Puwakwetiya
 Mahara,248A Ihala Karagahamuna South
 Mahara,248B Ihala Karagahamuna East
 Mahara,248 Ihala Karagahamuna North
 Mahara,247C Mahara Nugegoda South
 Mahara,249C Neligama
 Mahara,249 Pahala Karagahamuna North
 Mahara,249A Pahala Karagahamuna East
 Mahara,249B Pahala Karagahamuna West
 Mahara,251A Kopiwatta
 Mahara,252 Dalupitiya East
 Mahara,251 Kirimetiyagara
 Mahara,252B Dalupitiya South
 Mahara,252A Dalupitiya West
 Mahara,255D Pinnameda West
 Mahara,255C Gongithota
 Mahara,255H Appugewatta
 Mahara,255G Gongithota West
 Mahara,255B Enderamulla South
 Mahara,255E Enderamulla East
 Mahara,255 Pinnameda
 Mahara,253 Nathuduwa
 Mahara,255F Enderamulla West
 Mahara,253A Nathuduwa West
 Mahara,255A Akbar Town
 Kelaniya,256B Welegoda
 Kelaniya,256 Hunupitiya North
 Kelaniya,256C Nahena
 Kelaniya,259A Eriyawetiya
 Kelaniya,267A Kiribathgoda
 Kelaniya,267 Thalawathuhenpita North
 Kelaniya,266 Thalawathuhenpita South
 Kelaniya,266A Kendahena
 Kelaniya,259C Egoda Eriyawetiya
 Kelaniya,256D Hunupitiya East
 Kelaniya,256A Hunupitiya South
 Kelaniya,257 Wanawasala West
 Kelaniya,257B Wanawasala East
 Kelaniya,260 Dippitigoda
 Kelaniya,258 Weweldoowa
 Kelaniya,259 Warakanatta
 Kelaniya,259B Koholvila
 Kelaniya,258A Dalugamgoda
 Kelaniya,258B Nungamugoda
 Kelaniya,260A Dalugama
 Kelaniya,257A Himbutuwelgoda
 Kelaniya,173 Pattiya East
 Kelaniya,173B Pattiya North
 Kelaniya,174C Meegahawatta
 Kelaniya,174A Peliyagodawatta
 Kelaniya,174 Peliyagoda Gangabada
 Kelaniya,174B Peliyagoda Gangabada East
 Kelaniya,173A Pattiya West
 Kelaniya,261 Wedamulla
 Kelaniya,261A Galborella
 Kelaniya,264A Polhena
 Kelaniya,264 Kelaniya
 Kelaniya,263B Sinharamulla North
 Kelaniya,263A Pilapitiya
 Kelaniya,262 Pethiyagoda
 Kelaniya,262A Mawella
 Kelaniya,263 Sinharamulla
 Biyagama,268 Pahala Biyanvila East
 Biyagama,269 Ihala Biyanvila North
 Biyagama,269/B Ihala Biyanvila Central
 Biyagama,269/A Mawaramandiya
 Biyagama,272/A Meegahawatta West
 Biyagama,272 Meegahawatta East
 Biyagama,273 Kammalwatta
 Biyagama,282/A Delgoda
 Biyagama,283 Athurumulla
 Biyagama,282 Kanduboda East
 Biyagama,282/B Kanduboda West
 Biyagama,274/C Siyambalape Watta
 Biyagama,272B Daranagama
 Biyagama,274 Siyambalape North
 Biyagama,275 Heiyanthuduwa North
 Biyagama,271 Makola South Ihala
 Biyagama,270 Makola North Ihala
 Biyagama,270/A Makola North Central
 Biyagama,268/A Pahala Biyanvila West
 Biyagama,268/B Pahala Biyanvila Central
 Biyagama,270/B Makola North Pahala
 Biyagama,271/B Makola South Pahala
 Biyagama,265 Pamunuvila
 Biyagama,277 Gonawala East
 Biyagama,271/A Sapugaskanda
 Biyagama,275/C Heiyanthuduwa West
 Biyagama,275B Heiyanthuduwa East
 Biyagama,274/A Siyambalape South
 Biyagama,274/B Yatihena
 Biyagama,281/B Ulahitiwala
 Biyagama,281/A Walgama West
 Biyagama,280 Biyagama North
 Biyagama,280/D Biyagama West
 Biyagama,275A Heiyanthuduwa South
 Biyagama,276 Mabima East
 Biyagama,276A Mabima West
 Biyagama,279 Pattivila North
 Biyagama,277B Gonawala Central
 Biyagama,265A Galeadanda
 Biyagama,277/A Gonawala West
 Biyagama,278 Thalwatta
 Biyagama,278A Bollagala
 Biyagama,279/A Pattivila South
 Biyagama,280/C Biyagama South
 Biyagama,280B Biyagama East
 Biyagama,280/A Yabaraluwa North
 Biyagama,280/E Yabaraluwa South
 Biyagama,281/C Malwana Town
 Biyagama,281 Walgama East
